{
    "0.1": {
        "train": [
            0.008452619621406133,
            0.008677062890277944,
            0.009180960032164022,
            0.029902672513787892
        ],
        "val": [
            0.008512040590441958,
            0.008962327592765528,
            0.009663001468708016,
            0.030239913623802142
        ],
        "test": [
            0.00791729151572276,
            0.007795800129238151,
            0.008243844887218842,
            0.027443238554090803
        ]
    },
    "0.01": {
        "train": [
            0.008878068586306026,
            0.008258598520826596,
            0.008199514337372675,
            0.00824220906252663
        ],
        "val": [
            0.009077356111233165,
            0.00864358946200819,
            0.008709507653276844,
            0.008882797070110669
        ],
        "test": [
            0.009324503458428024,
            0.009013279404413967,
            0.009123168192918758,
            0.009353690447875776
        ]
    }
}